{"MAE": 21.681222421546742, "MSE": 2086.810044746191, "RMSE": 45.68161604788288, "RMSLE": 0.0696772639083533, "R2 adjusted": 0.9403323765185257, "MPE_%": 0.2900858623666965, "MAPE_%": 3.0846728534582426, "WAPE_%": 3.1149605017093007}