,Unnamed: 0.8,Unnamed: 0.7,Unnamed: 0.6,Unnamed: 0.5,Unnamed: 0.4,Unnamed: 0.3,Unnamed: 0.2,Unnamed: 0.1,Unnamed: 0,real,eval
0,0.0,0.0,0.0,0.0,0.0,0.0,0.0,0.0,,0,411.7002708865632
1,1.0,1.0,1.0,1.0,1.0,1.0,1.0,,,450,411.7002708865632
2,2.0,2.0,2.0,2.0,2.0,2.0,,,,825,313.00439520855826
3,3.0,3.0,3.0,3.0,3.0,,,,,350,294.5600230997045
4,4.0,4.0,4.0,4.0,,,,,,412,383.2732272623495
5,5.0,5.0,5.0,,,,,,,750,345.3253452720038
6,6.0,6.0,,,,,,,,463,465.528664947517
7,7.0,,,,,,,,,864,465.528664947517
8,,,,,,,,,,65,465.52866494751703
