iter	MAE
0	264.6033386
1	20.17687894
